[
    {
        "id": "dummy-flag",
        "name": "Dummy Flag",
        "description": "Great a great dummy flag! With it, you can prove that you are able to use the shop and that everything is woring accordingly! The flag is utterly useless, but still, you take pride in holding it, showing it off to the world, that you, the valient customer, managed to buy this priceless dummy flag!",
        "value": "EPT{dummy_flag}",
        "price": 137
    },
    {
        "id": "socks",
        "name": "EPT Socks",
        "description": "Buy these real life EPT socks and claim them at the front of the stage after purchase!",
        "value": "FLAG",
        "price": 1337
    }
]